--------------------------------------------------------
-- Archivo creado  - lunes-diciembre-05-2016   
--------------------------------------------------------
--------------------------------------------------------
--  DDL for Table AFICION
--------------------------------------------------------

  CREATE TABLE "HR"."AFICION" 
   (	"AFICION_ID" NUMBER, 
	"NOMBRE_DE_GUERRA" VARCHAR2(20 BYTE), 
	"EQUIPO_ID" NUMBER, 
	"JUGADORES_ID" NUMBER
   ) SEGMENT CREATION IMMEDIATE 
  PCTFREE 10 PCTUSED 40 INITRANS 1 MAXTRANS 255 NOCOMPRESS LOGGING
  STORAGE(INITIAL 65536 NEXT 1048576 MINEXTENTS 1 MAXEXTENTS 2147483645
  PCTINCREASE 0 FREELISTS 1 FREELIST GROUPS 1 BUFFER_POOL DEFAULT FLASH_CACHE DEFAULT CELL_FLASH_CACHE DEFAULT)
  TABLESPACE "USERS" ;
--------------------------------------------------------
--  DDL for Table CANTICOS
--------------------------------------------------------

  CREATE TABLE "HR"."CANTICOS" 
   (	"CANTICOS_ID" NUMBER, 
	"AFICION_ID" NUMBER, 
	"NOMBRE" VARCHAR2(20 BYTE)
   ) SEGMENT CREATION IMMEDIATE 
  PCTFREE 10 PCTUSED 40 INITRANS 1 MAXTRANS 255 NOCOMPRESS LOGGING
  STORAGE(INITIAL 65536 NEXT 1048576 MINEXTENTS 1 MAXEXTENTS 2147483645
  PCTINCREASE 0 FREELISTS 1 FREELIST GROUPS 1 BUFFER_POOL DEFAULT FLASH_CACHE DEFAULT CELL_FLASH_CACHE DEFAULT)
  TABLESPACE "USERS" ;
--------------------------------------------------------
--  DDL for Table EQUIPO
--------------------------------------------------------

  CREATE TABLE "HR"."EQUIPO" 
   (	"EQUIPO_ID" NUMBER, 
	"NOMBRE" VARCHAR2(20 BYTE), 
	"ESTADIO_ID" NUMBER, 
	"FOUNDATION_YEAR" VARCHAR2(20 BYTE), 
	"ESCUDO" VARCHAR2(20 BYTE)
   ) SEGMENT CREATION IMMEDIATE 
  PCTFREE 10 PCTUSED 40 INITRANS 1 MAXTRANS 255 NOCOMPRESS LOGGING
  STORAGE(INITIAL 65536 NEXT 1048576 MINEXTENTS 1 MAXEXTENTS 2147483645
  PCTINCREASE 0 FREELISTS 1 FREELIST GROUPS 1 BUFFER_POOL DEFAULT FLASH_CACHE DEFAULT CELL_FLASH_CACHE DEFAULT)
  TABLESPACE "USERS" ;
--------------------------------------------------------
--  DDL for Table ESTADIOS
--------------------------------------------------------

  CREATE TABLE "HR"."ESTADIOS" 
   (	"ESTADIO_ID" NUMBER, 
	"NOMBRE" VARCHAR2(20 BYTE), 
	"LOCALIZACION" VARCHAR2(20 BYTE), 
	"CONSTRUCTION_YEAR" VARCHAR2(20 BYTE), 
	"EQUIPO_ID" NUMBER
   ) SEGMENT CREATION IMMEDIATE 
  PCTFREE 10 PCTUSED 40 INITRANS 1 MAXTRANS 255 NOCOMPRESS LOGGING
  STORAGE(INITIAL 65536 NEXT 1048576 MINEXTENTS 1 MAXEXTENTS 2147483645
  PCTINCREASE 0 FREELISTS 1 FREELIST GROUPS 1 BUFFER_POOL DEFAULT FLASH_CACHE DEFAULT CELL_FLASH_CACHE DEFAULT)
  TABLESPACE "USERS" ;
--------------------------------------------------------
--  DDL for Table JUGADORES
--------------------------------------------------------

  CREATE TABLE "HR"."JUGADORES" 
   (	"JUGADORES_ID" NUMBER, 
	"ESTADIO_ID" NUMBER, 
	"EQUIPO_ID" NUMBER, 
	"NOMBRE" VARCHAR2(20 BYTE), 
	"APELLIDO" VARCHAR2(20 BYTE), 
	"EDAD" VARCHAR2(20 BYTE), 
	"POSICION" VARCHAR2(20 BYTE), 
	"NUMERO" VARCHAR2(20 BYTE), 
	"NACIONALIDAD" VARCHAR2(20 BYTE), 
	"SALARIO" VARCHAR2(20 BYTE), 
	"FINALIZACION_CONTRATO" VARCHAR2(20 BYTE)
   ) SEGMENT CREATION IMMEDIATE 
  PCTFREE 10 PCTUSED 40 INITRANS 1 MAXTRANS 255 NOCOMPRESS LOGGING
  STORAGE(INITIAL 65536 NEXT 1048576 MINEXTENTS 1 MAXEXTENTS 2147483645
  PCTINCREASE 0 FREELISTS 1 FREELIST GROUPS 1 BUFFER_POOL DEFAULT FLASH_CACHE DEFAULT CELL_FLASH_CACHE DEFAULT)
  TABLESPACE "USERS" ;
REM INSERTING into HR.AFICION
SET DEFINE OFF;
Insert into HR.AFICION (AFICION_ID,NOMBRE_DE_GUERRA,EQUIPO_ID,JUGADORES_ID) values ('2','ATLETICOS','2','2');
Insert into HR.AFICION (AFICION_ID,NOMBRE_DE_GUERRA,EQUIPO_ID,JUGADORES_ID) values ('1','MADRIDISTAS','1','1');
REM INSERTING into HR.CANTICOS
SET DEFINE OFF;
Insert into HR.CANTICOS (CANTICOS_ID,AFICION_ID,NOMBRE) values ('1','1','HALA MADRID');
Insert into HR.CANTICOS (CANTICOS_ID,AFICION_ID,NOMBRE) values ('2','2','AUPA ATLETI');
REM INSERTING into HR.EQUIPO
SET DEFINE OFF;
Insert into HR.EQUIPO (EQUIPO_ID,NOMBRE,ESTADIO_ID,FOUNDATION_YEAR,ESCUDO) values ('1','REAL MADRID','1','1902','1');
Insert into HR.EQUIPO (EQUIPO_ID,NOMBRE,ESTADIO_ID,FOUNDATION_YEAR,ESCUDO) values ('2','ATLETICO DE MADRID','2','1910','2');
Insert into HR.EQUIPO (EQUIPO_ID,NOMBRE,ESTADIO_ID,FOUNDATION_YEAR,ESCUDO) values ('3','RAYO VALLECANO','3','1925','3');
REM INSERTING into HR.ESTADIOS
SET DEFINE OFF;
Insert into HR.ESTADIOS (ESTADIO_ID,NOMBRE,LOCALIZACION,CONSTRUCTION_YEAR,EQUIPO_ID) values ('2','VICENTE CALDERON','PIRAMIDES','1955','2');
Insert into HR.ESTADIOS (ESTADIO_ID,NOMBRE,LOCALIZACION,CONSTRUCTION_YEAR,EQUIPO_ID) values ('1','SANTIAGO BERNABEU','CASTELLANA','1950','1');
REM INSERTING into HR.JUGADORES
SET DEFINE OFF;
Insert into HR.JUGADORES (JUGADORES_ID,ESTADIO_ID,EQUIPO_ID,NOMBRE,APELLIDO,EDAD,POSICION,NUMERO,NACIONALIDAD,SALARIO,FINALIZACION_CONTRATO) values ('1','1','1','CRISTIANO','RONALDO','30','DELANTERO','7','PORTUGUES','UNA PASTA','A SABER');
Insert into HR.JUGADORES (JUGADORES_ID,ESTADIO_ID,EQUIPO_ID,NOMBRE,APELLIDO,EDAD,POSICION,NUMERO,NACIONALIDAD,SALARIO,FINALIZACION_CONTRATO) values ('2','2','2','GABI','NOSE','34','MEDIO','NOSE','ESPAÑOLA','MUCHO','QUIEN SABE');
Insert into HR.JUGADORES (JUGADORES_ID,ESTADIO_ID,EQUIPO_ID,NOMBRE,APELLIDO,EDAD,POSICION,NUMERO,NACIONALIDAD,SALARIO,FINALIZACION_CONTRATO) values ('3','2','2','GRIEZMAN','AAJSJAS','28','MEDIO','88','FRANCESA','MUCHO','A SABER');
Insert into HR.JUGADORES (JUGADORES_ID,ESTADIO_ID,EQUIPO_ID,NOMBRE,APELLIDO,EDAD,POSICION,NUMERO,NACIONALIDAD,SALARIO,FINALIZACION_CONTRATO) values ('4','2','2','KOKE','KOKITO','35','DELANTERO','99','ESPAÑOL','MUCHO','A SABER');
--------------------------------------------------------
--  DDL for Index EQUIPO_PK
--------------------------------------------------------

  CREATE UNIQUE INDEX "HR"."EQUIPO_PK" ON "HR"."EQUIPO" ("EQUIPO_ID") 
  PCTFREE 10 INITRANS 2 MAXTRANS 255 
  STORAGE(INITIAL 65536 NEXT 1048576 MINEXTENTS 1 MAXEXTENTS 2147483645
  PCTINCREASE 0 FREELISTS 1 FREELIST GROUPS 1 BUFFER_POOL DEFAULT FLASH_CACHE DEFAULT CELL_FLASH_CACHE DEFAULT)
  TABLESPACE "USERS" ;
--------------------------------------------------------
--  DDL for Index JUGADORES_PK
--------------------------------------------------------

  CREATE UNIQUE INDEX "HR"."JUGADORES_PK" ON "HR"."JUGADORES" ("JUGADORES_ID") 
  PCTFREE 10 INITRANS 2 MAXTRANS 255 COMPUTE STATISTICS 
  STORAGE(INITIAL 65536 NEXT 1048576 MINEXTENTS 1 MAXEXTENTS 2147483645
  PCTINCREASE 0 FREELISTS 1 FREELIST GROUPS 1 BUFFER_POOL DEFAULT FLASH_CACHE DEFAULT CELL_FLASH_CACHE DEFAULT)
  TABLESPACE "USERS" ;
--------------------------------------------------------
--  DDL for Index ESTADIOS_PK
--------------------------------------------------------

  CREATE UNIQUE INDEX "HR"."ESTADIOS_PK" ON "HR"."ESTADIOS" ("ESTADIO_ID") 
  PCTFREE 10 INITRANS 2 MAXTRANS 255 COMPUTE STATISTICS 
  STORAGE(INITIAL 65536 NEXT 1048576 MINEXTENTS 1 MAXEXTENTS 2147483645
  PCTINCREASE 0 FREELISTS 1 FREELIST GROUPS 1 BUFFER_POOL DEFAULT FLASH_CACHE DEFAULT CELL_FLASH_CACHE DEFAULT)
  TABLESPACE "USERS" ;
--------------------------------------------------------
--  DDL for Index AFICION_PK
--------------------------------------------------------

  CREATE UNIQUE INDEX "HR"."AFICION_PK" ON "HR"."AFICION" ("AFICION_ID") 
  PCTFREE 10 INITRANS 2 MAXTRANS 255 COMPUTE STATISTICS 
  STORAGE(INITIAL 65536 NEXT 1048576 MINEXTENTS 1 MAXEXTENTS 2147483645
  PCTINCREASE 0 FREELISTS 1 FREELIST GROUPS 1 BUFFER_POOL DEFAULT FLASH_CACHE DEFAULT CELL_FLASH_CACHE DEFAULT)
  TABLESPACE "USERS" ;
--------------------------------------------------------
--  DDL for Index CANTICOS_PK
--------------------------------------------------------

  CREATE UNIQUE INDEX "HR"."CANTICOS_PK" ON "HR"."CANTICOS" ("CANTICOS_ID") 
  PCTFREE 10 INITRANS 2 MAXTRANS 255 COMPUTE STATISTICS 
  STORAGE(INITIAL 65536 NEXT 1048576 MINEXTENTS 1 MAXEXTENTS 2147483645
  PCTINCREASE 0 FREELISTS 1 FREELIST GROUPS 1 BUFFER_POOL DEFAULT FLASH_CACHE DEFAULT CELL_FLASH_CACHE DEFAULT)
  TABLESPACE "USERS" ;
--------------------------------------------------------
--  DDL for Procedure SECURE_DML
--------------------------------------------------------
set define off;

  CREATE OR REPLACE PROCEDURE "HR"."SECURE_DML" 
IS
BEGIN
  IF TO_CHAR (SYSDATE, 'HH24:MI') NOT BETWEEN '08:00' AND '18:00'
        OR TO_CHAR (SYSDATE, 'DY') IN ('SAT', 'SUN') THEN
	RAISE_APPLICATION_ERROR (-20205,
		'You may only make changes during normal office hours');
  END IF;
END secure_dml;

/
--------------------------------------------------------
--  Constraints for Table AFICION
--------------------------------------------------------

  ALTER TABLE "HR"."AFICION" MODIFY ("JUGADORES_ID" NOT NULL ENABLE);
  ALTER TABLE "HR"."AFICION" MODIFY ("EQUIPO_ID" NOT NULL ENABLE);
  ALTER TABLE "HR"."AFICION" ADD CONSTRAINT "AFICION_PK" PRIMARY KEY ("AFICION_ID")
  USING INDEX PCTFREE 10 INITRANS 2 MAXTRANS 255 COMPUTE STATISTICS 
  STORAGE(INITIAL 65536 NEXT 1048576 MINEXTENTS 1 MAXEXTENTS 2147483645
  PCTINCREASE 0 FREELISTS 1 FREELIST GROUPS 1 BUFFER_POOL DEFAULT FLASH_CACHE DEFAULT CELL_FLASH_CACHE DEFAULT)
  TABLESPACE "USERS"  ENABLE;
  ALTER TABLE "HR"."AFICION" MODIFY ("AFICION_ID" NOT NULL ENABLE);
--------------------------------------------------------
--  Constraints for Table EQUIPO
--------------------------------------------------------

  ALTER TABLE "HR"."EQUIPO" MODIFY ("ESTADIO_ID" NOT NULL ENABLE);
  ALTER TABLE "HR"."EQUIPO" ADD CONSTRAINT "EQUIPO_PK" PRIMARY KEY ("EQUIPO_ID")
  USING INDEX PCTFREE 10 INITRANS 2 MAXTRANS 255 
  STORAGE(INITIAL 65536 NEXT 1048576 MINEXTENTS 1 MAXEXTENTS 2147483645
  PCTINCREASE 0 FREELISTS 1 FREELIST GROUPS 1 BUFFER_POOL DEFAULT FLASH_CACHE DEFAULT CELL_FLASH_CACHE DEFAULT)
  TABLESPACE "USERS"  ENABLE;
  ALTER TABLE "HR"."EQUIPO" MODIFY ("EQUIPO_ID" NOT NULL ENABLE);
--------------------------------------------------------
--  Constraints for Table CANTICOS
--------------------------------------------------------

  ALTER TABLE "HR"."CANTICOS" MODIFY ("AFICION_ID" NOT NULL ENABLE);
  ALTER TABLE "HR"."CANTICOS" ADD CONSTRAINT "CANTICOS_PK" PRIMARY KEY ("CANTICOS_ID")
  USING INDEX PCTFREE 10 INITRANS 2 MAXTRANS 255 COMPUTE STATISTICS 
  STORAGE(INITIAL 65536 NEXT 1048576 MINEXTENTS 1 MAXEXTENTS 2147483645
  PCTINCREASE 0 FREELISTS 1 FREELIST GROUPS 1 BUFFER_POOL DEFAULT FLASH_CACHE DEFAULT CELL_FLASH_CACHE DEFAULT)
  TABLESPACE "USERS"  ENABLE;
  ALTER TABLE "HR"."CANTICOS" MODIFY ("CANTICOS_ID" NOT NULL ENABLE);
--------------------------------------------------------
--  Constraints for Table ESTADIOS
--------------------------------------------------------

  ALTER TABLE "HR"."ESTADIOS" MODIFY ("EQUIPO_ID" NOT NULL ENABLE);
  ALTER TABLE "HR"."ESTADIOS" ADD CONSTRAINT "ESTADIOS_PK" PRIMARY KEY ("ESTADIO_ID")
  USING INDEX PCTFREE 10 INITRANS 2 MAXTRANS 255 COMPUTE STATISTICS 
  STORAGE(INITIAL 65536 NEXT 1048576 MINEXTENTS 1 MAXEXTENTS 2147483645
  PCTINCREASE 0 FREELISTS 1 FREELIST GROUPS 1 BUFFER_POOL DEFAULT FLASH_CACHE DEFAULT CELL_FLASH_CACHE DEFAULT)
  TABLESPACE "USERS"  ENABLE;
  ALTER TABLE "HR"."ESTADIOS" MODIFY ("ESTADIO_ID" NOT NULL ENABLE);
--------------------------------------------------------
--  Constraints for Table JUGADORES
--------------------------------------------------------

  ALTER TABLE "HR"."JUGADORES" MODIFY ("EQUIPO_ID" NOT NULL ENABLE);
  ALTER TABLE "HR"."JUGADORES" MODIFY ("ESTADIO_ID" NOT NULL ENABLE);
  ALTER TABLE "HR"."JUGADORES" ADD CONSTRAINT "JUGADORES_PK" PRIMARY KEY ("JUGADORES_ID")
  USING INDEX PCTFREE 10 INITRANS 2 MAXTRANS 255 COMPUTE STATISTICS 
  STORAGE(INITIAL 65536 NEXT 1048576 MINEXTENTS 1 MAXEXTENTS 2147483645
  PCTINCREASE 0 FREELISTS 1 FREELIST GROUPS 1 BUFFER_POOL DEFAULT FLASH_CACHE DEFAULT CELL_FLASH_CACHE DEFAULT)
  TABLESPACE "USERS"  ENABLE;
  ALTER TABLE "HR"."JUGADORES" MODIFY ("JUGADORES_ID" NOT NULL ENABLE);
--------------------------------------------------------
--  Ref Constraints for Table AFICION
--------------------------------------------------------

  ALTER TABLE "HR"."AFICION" ADD CONSTRAINT "AFICION_FK1" FOREIGN KEY ("EQUIPO_ID")
	  REFERENCES "HR"."EQUIPO" ("EQUIPO_ID") ON DELETE SET NULL ENABLE;
--------------------------------------------------------
--  Ref Constraints for Table ESTADIOS
--------------------------------------------------------

  ALTER TABLE "HR"."ESTADIOS" ADD CONSTRAINT "ESTADIOS_FK1" FOREIGN KEY ("EQUIPO_ID")
	  REFERENCES "HR"."EQUIPO" ("EQUIPO_ID") ON DELETE SET NULL ENABLE;
--------------------------------------------------------
--  Ref Constraints for Table JUGADORES
--------------------------------------------------------

  ALTER TABLE "HR"."JUGADORES" ADD CONSTRAINT "JUGADORES_FK1" FOREIGN KEY ("EQUIPO_ID")
	  REFERENCES "HR"."EQUIPO" ("EQUIPO_ID") ON DELETE SET NULL ENABLE;
